<?xml version="1.0"?>
<!DOCTYPE hibernate-mapping PUBLIC "-//Hibernate/Hibernate Mapping DTD 3.0//EN"
"http://www.hibernate.org/dtd/hibernate-mapping-3.0.dtd">
<!-- Generated 2018-6-2 20:43:33 by Hibernate Tools 4.3.1 -->
<hibernate-mapping>
    <class name="com.qdu.pojo.EmployeesInfo" table="EmployeesInfo" schema="dbo" catalog="AntExpress" optimistic-lock="version">
        <id name="eid" type="int">
            <column name="Eid" />
            <generator class="assigned" />
        </id>
        <property name="ename" type="string">
            <column name="EName" />
        </property>
        <property name="epwd" type="string">
            <column name="EPwd" />
        </property>
        <property name="equestion" type="string">
            <column name="EQuestion" />
        </property>
        <property name="eanswer" type="string">
            <column name="EAnswer" />
        </property>
        <property name="egender" type="string">
            <column name="EGender" />
        </property>
        <property name="edepartment" type="string">
            <column name="EDepartment" />
        </property>
        <property name="eoccupation" type="string">
            <column name="EOccupation" />
        </property>
        <property name="ephone" type="string">
            <column name="EPhone" />
        </property>
        <property name="esalary" type="string">
            <column name="ESalary" scale="4" />
        </property>
        <property name="email" type="string">
            <column name="EMail" length="20" />
        </property>
        <property name="ekey" type="java.lang.Integer">
            <column name="EKey" />
        </property>
    </class>
</hibernate-mapping>
